{
    "achievements_enabled": false, 
    "alternate_url": "http://www.flipline.com/games/jacksmith/index.html", 
    "author": "flipline_studios", 
    "author_link": "https://www.mochimedia.com/community/profile/flipline_studios", 
    "categories": [
        "Action", 
        "Adventure", 
        "Strategy"
    ], 
    "category": "Strategy", 
    "coins_enabled": null, 
    "coins_revshare_enabled": null, 
    "control_scheme": "{\"fire\": \"left_mouse\", \"jump\": \"na\", \"movement\": \"mouse\"}", 
    "controls": [
        [
            "fire", 
            "left_mouse"
        ], 
        [
            "jump", 
            "na"
        ], 
        [
            "movement", 
            "mouse"
        ]
    ], 
    "created": "2012-09-20T16:53:42-08:00", 
    "description": "Man the forge and craft your best weapons for your warriors in Jacksmith!  You're a donkey on a mission that takes you across the land, but the trails are blocked by a variety of monsters -- time to call in the local warrior clans for help!  You'll design swords, bows, shields, and other weapons in a completely hands-on blacksmith shop.  When all of your soldiers are equipped, it's off to battle to fight your way further down the path!  While the warriors fight, you'll need to gather loot and help out with your trusty cannon.  Collect better ores and parts to make even better weapons, and keep making progress across the land towards the evil wizard Dudley!", 
    "developer": "flipline_studios", 
    "developer_url": "https://www.mochimedia.com/community/profile/flipline_studios", 
    "feed_approval_created": "2012-09-27T11:26:02-08:00", 
    "game_tag": "ba5d53a51b691dcd", 
    "game_url": "http://www.mochimedia.com/games/jacksmith", 
    "height": 480, 
    "instructions": "", 
    "key_mappings": "", 
    "languages": [
        "en"
    ], 
    "leaderboard_enabled": false, 
    "metascore": 93.75, 
    "name": "Jacksmith", 
    "rating": "Everyone", 
    "recommendation": 4, 
    "recommended": true, 
    "resolution": "640x480", 
    "screen1_thumb": "http://games.mochiads.com/c/g/jacksmith/screen1_thumb.jpg", 
    "screen1_url": "http://games.mochiads.com/c/g/jacksmith/screen1.jpg", 
    "screen2_thumb": "http://games.mochiads.com/c/g/jacksmith/screen2_thumb.jpg", 
    "screen2_url": "http://games.mochiads.com/c/g/jacksmith/screen2.jpg", 
    "screen3_thumb": "http://games.mochiads.com/c/g/jacksmith/screen3_thumb.jpg", 
    "screen3_url": "http://games.mochiads.com/c/g/jacksmith/screen3.jpg", 
    "screen4_thumb": "http://games.mochiads.com/c/g/jacksmith/screen4_thumb.jpg", 
    "screen4_url": "http://games.mochiads.com/c/g/jacksmith/screen4.jpg", 
    "slug": "jacksmith", 
    "stage3d": false, 
    "swf_file_size": 6956091, 
    "swf_url": "http://games.mochiads.com/c/g/jacksmith/jacksmith.swf", 
    "tags": [
        "jacksmith", 
        "smith", 
        "blacksmith", 
        "crafting", 
        "craft", 
        "battle", 
        "strategy", 
        "fighting", 
        "medieval", 
        "weapons", 
        "weapon", 
        "sword", 
        "shield", 
        "bow", 
        "axe", 
        "mace", 
        "pike", 
        "soldier", 
        "archer", 
        "monster", 
        "forge", 
        "simulation", 
        "sim", 
        "equipment", 
        "equip", 
        "donkey", 
        "farm", 
        "barnyard", 
        "en"
    ], 
    "thumbnail_large_url": "http://games.mochiads.com/c/g/jacksmith/_thumb_200x200.jpg", 
    "thumbnail_url": "http://games.mochiads.com/c/g/jacksmith/_thumb_100x100.jpg", 
    "updated": "2013-02-21T13:46:54-08:00", 
    "uuid": "bb201303-5603-31d4-9047-2d6510d36b34", 
    "video_url": null, 
    "width": 640, 
    "zip_url": "http://games.mochiads.com/c/g/jacksmith.zip"
}